{"textures":{"particle":"#10","10":"modelengine:entity/8cef4d75-254f-3e95-ae7c-a3650de22995"},"elements":[{"from":[2.5,-4.392565,14.232185],"to":[13.5,7.107435,14.232185],"faces":{"south":{"uv":[1.4375,10.03125,2.125,10.75],"tintindex":0,"rotation":0,"texture":"#10"},"north":{"uv":[1.4375,10.03125,2.125,10.75],"tintindex":0,"rotation":0,"texture":"#10"}}},{"from":[1.75,-4.392565,2.482185],"to":[1.75,7.107435,13.482185],"faces":{"east":{"uv":[1.4375,10.03125,2.125,10.75],"tintindex":0,"rotation":0,"texture":"#10"},"west":{"uv":[1.4375,10.03125,2.125,10.75],"tintindex":0,"rotation":0,"texture":"#10"}}},{"from":[2.5,-4.392565,1.7321849],"to":[13.5,7.107435,1.7321849],"faces":{"south":{"uv":[1.4375,10.03125,2.125,10.75],"tintindex":0,"rotation":0,"texture":"#10"},"north":{"uv":[1.4375,10.03125,2.125,10.75],"tintindex":0,"rotation":0,"texture":"#10"}}},{"from":[14.25,-4.392565,2.482185],"to":[14.25,7.107435,13.482185],"faces":{"east":{"uv":[1.4375,10.03125,2.125,10.75],"tintindex":0,"rotation":0,"texture":"#10"},"west":{"uv":[1.4375,10.03125,2.125,10.75],"tintindex":0,"rotation":0,"texture":"#10"}}}],"display":{"head":{"rotation":[0.0,0.0,0.0]},"firstperson_righthand":{"rotation":[0.0,0.0,0.0]},"thirdperson_lefthand":{"rotation":[0.0,-0.0,-0.0]},"firstperson_lefthand":{"rotation":[0.0,-0.0,-0.0]},"fixed":{"rotation":[0.0,0.0,0.0]},"ground":{"rotation":[0.0,0.0,0.0]},"thirdperson_righthand":{"rotation":[0.0,0.0,0.0]},"gui":{"rotation":[-150.0,-45.0,180.0]}}}