{"textures":{"6":"modelengine:entity/balloon-gray","particle":"#6"},"elements":[{"from":[5.05,8.05,-15.95],"to":[10.95,11.95,-14.05],"faces":{"east":{"uv":[6.1875,7.15625,6.25,7.28125],"tintindex":0,"rotation":0,"texture":"#6"},"south":{"uv":[7.125,7.78125,7.3125,7.90625],"tintindex":0,"rotation":0,"texture":"#6"},"north":{"uv":[6.9375,7.78125,7.125,7.90625],"tintindex":0,"rotation":0,"texture":"#6"},"west":{"uv":[6.1875,7.28125,6.25,7.40625],"tintindex":0,"rotation":0,"texture":"#6"},"up":{"uv":[0.65625,7.90625,0.46875,7.84375],"tintindex":0,"rotation":0,"texture":"#6"},"down":{"uv":[0.84375,7.84375,0.65625,7.90625],"tintindex":0,"rotation":0,"texture":"#6"}}},{"from":[19.05,8.05,-5.95],"to":[20.95,11.95,-0.05],"faces":{"east":{"uv":[7.125,7.78125,6.9375,7.90625],"tintindex":0,"rotation":0,"texture":"#6"},"south":{"uv":[6.25,7.28125,6.1875,7.40625],"tintindex":0,"rotation":0,"texture":"#6"},"north":{"uv":[6.25,7.15625,6.1875,7.28125],"tintindex":0,"rotation":0,"texture":"#6"},"west":{"uv":[7.3125,7.78125,7.125,7.90625],"tintindex":0,"rotation":0,"texture":"#6"},"up":{"uv":[0.46875,7.90625,0.65625,7.84375],"tintindex":0,"rotation":0,"texture":"#6"},"down":{"uv":[0.65625,7.90625,0.84375,7.84375],"tintindex":0,"rotation":0,"texture":"#6"}}},{"from":[-4.95,8.05,-5.95],"to":[-3.05,11.95,-0.05],"faces":{"east":{"uv":[7.125,7.78125,7.3125,7.90625],"tintindex":0,"rotation":0,"texture":"#6"},"south":{"uv":[6.1875,7.28125,6.25,7.40625],"tintindex":0,"rotation":0,"texture":"#6"},"north":{"uv":[6.1875,7.15625,6.25,7.28125],"tintindex":0,"rotation":0,"texture":"#6"},"west":{"uv":[6.9375,7.78125,7.125,7.90625],"tintindex":0,"rotation":0,"texture":"#6"},"up":{"uv":[0.46875,7.84375,0.65625,7.90625],"tintindex":0,"rotation":0,"texture":"#6"},"down":{"uv":[0.65625,7.84375,0.84375,7.90625],"tintindex":0,"rotation":0,"texture":"#6"}}},{"from":[5.05,8.05,8.05],"to":[10.95,11.95,9.95],"faces":{"east":{"uv":[6.1875,7.28125,6.25,7.40625],"tintindex":0,"rotation":0,"texture":"#6"},"south":{"uv":[6.9375,7.78125,7.125,7.90625],"tintindex":0,"rotation":0,"texture":"#6"},"north":{"uv":[7.125,7.78125,7.3125,7.90625],"tintindex":0,"rotation":0,"texture":"#6"},"west":{"uv":[6.1875,7.15625,6.25,7.28125],"tintindex":0,"rotation":0,"texture":"#6"},"up":{"uv":[0.46875,7.84375,0.65625,7.90625],"tintindex":0,"rotation":0,"texture":"#6"},"down":{"uv":[0.65625,7.84375,0.84375,7.90625],"tintindex":0,"rotation":0,"texture":"#6"}}}],"display":{"head":{"rotation":[0.0,0.0,0.0]},"firstperson_righthand":{"rotation":[0.0,0.0,0.0]},"thirdperson_lefthand":{"rotation":[0.0,-0.0,-0.0]},"firstperson_lefthand":{"rotation":[0.0,-0.0,-0.0]},"fixed":{"rotation":[0.0,0.0,0.0]},"ground":{"rotation":[0.0,0.0,0.0]},"thirdperson_righthand":{"rotation":[0.0,0.0,0.0]},"gui":{"rotation":[-150.0,-45.0,180.0]}}}