{"textures":{"0":"modelengine:entity/hot_airbaloon","particle":"#0"},"elements":[{"from":[16.483334,23.583334,-0.15000057],"to":[17.900002,28.116667,9.483334],"faces":{"east":{"uv":[5.625,6.96875,4.5625,7.46875],"tintindex":0,"rotation":0,"texture":"#0"},"south":{"uv":[3.96875,7.4375,3.8125,7.9375],"tintindex":0,"rotation":0,"texture":"#0"},"north":{"uv":[4.125,7.4375,3.96875,7.9375],"tintindex":0,"rotation":0,"texture":"#0"},"west":{"uv":[6.6875,6.96875,5.625,7.46875],"tintindex":0,"rotation":0,"texture":"#0"},"up":{"uv":[2.21875,7.3125,2.0625,8.375],"tintindex":0,"rotation":0,"texture":"#0"},"down":{"uv":[2.375,8.375,2.21875,7.3125],"tintindex":0,"rotation":0,"texture":"#0"}}},{"from":[5.4333334,23.583334,-1.5666676],"to":[17.900002,28.116667,-0.15000057],"faces":{"east":{"uv":[0.8125,7.4375,0.65625,7.9375],"tintindex":0,"rotation":0,"texture":"#0"},"south":{"uv":[7.375,3.25,6.0,3.75],"tintindex":0,"rotation":0,"texture":"#0"},"north":{"uv":[7.375,3.75,6.0,4.25],"tintindex":0,"rotation":0,"texture":"#0"},"west":{"uv":[0.96875,7.4375,0.8125,7.9375],"tintindex":0,"rotation":0,"texture":"#0"},"up":{"uv":[3.4375,7.15625,2.0625,7.3125],"tintindex":0,"rotation":0,"texture":"#0"},"down":{"uv":[8.5625,7.125,7.1875,6.96875],"tintindex":0,"rotation":0,"texture":"#0"}}},{"from":[5.4333334,23.583334,-0.15000057],"to":[6.85,28.116667,9.483334],"faces":{"east":{"uv":[1.0625,6.9375,0.0,7.4375],"tintindex":0,"rotation":0,"texture":"#0"},"south":{"uv":[3.65625,7.4375,3.5,7.9375],"tintindex":0,"rotation":0,"texture":"#0"},"north":{"uv":[3.8125,7.4375,3.65625,7.9375],"tintindex":0,"rotation":0,"texture":"#0"},"west":{"uv":[4.5625,6.9375,3.5,7.4375],"tintindex":0,"rotation":0,"texture":"#0"},"up":{"uv":[7.34375,7.125,7.1875,8.1875],"tintindex":0,"rotation":0,"texture":"#0"},"down":{"uv":[7.40625,1.8125,7.25,0.75],"tintindex":0,"rotation":0,"texture":"#0"}}},{"from":[5.4333334,23.583334,9.483334],"to":[17.900002,28.116667,10.900001],"faces":{"east":{"uv":[0.5,7.4375,0.34375,7.9375],"tintindex":0,"rotation":0,"texture":"#0"},"south":{"uv":[7.375,2.25,6.0,2.75],"tintindex":0,"rotation":0,"texture":"#0"},"north":{"uv":[7.375,2.75,6.0,3.25],"tintindex":0,"rotation":0,"texture":"#0"},"west":{"uv":[0.65625,7.4375,0.5,7.9375],"tintindex":0,"rotation":0,"texture":"#0"},"up":{"uv":[8.5,5.0,7.125,5.15625],"tintindex":0,"rotation":0,"texture":"#0"},"down":{"uv":[8.5,5.3125,7.125,5.15625],"tintindex":0,"rotation":0,"texture":"#0"}}}],"display":{"head":{"rotation":[0.0,0.0,0.0]},"firstperson_righthand":{"rotation":[0.0,0.0,0.0]},"thirdperson_lefthand":{"rotation":[0.0,-0.0,-0.0]},"firstperson_lefthand":{"rotation":[0.0,-0.0,-0.0]},"fixed":{"rotation":[0.0,0.0,0.0]},"ground":{"rotation":[0.0,0.0,0.0]},"thirdperson_righthand":{"rotation":[0.0,0.0,0.0]},"gui":{"rotation":[-150.0,-45.0,180.0]}}}