{"textures":{"0":"modelengine:entity/hot_airbaloon","particle":"#0"},"elements":[{"from":[-0.9250002,-5.175,-6.0249996],"to":[0.3499999,17.775,-4.75],"faces":{"east":{"uv":[7.46875,1.8125,7.375,3.5],"tintindex":0,"rotation":0,"texture":"#0"},"south":{"uv":[7.4375,7.125,7.34375,8.8125],"tintindex":0,"rotation":0,"texture":"#0"},"north":{"uv":[7.5,0.0,7.40625,1.6875],"tintindex":0,"rotation":0,"texture":"#0"},"west":{"uv":[0.09375,7.4375,0.0,9.125],"tintindex":0,"rotation":0,"texture":"#0"},"up":{"uv":[1.15625,7.03125,1.0625,7.125],"tintindex":0,"rotation":0,"texture":"#0"},"down":{"uv":[1.25,7.125,1.15625,7.03125],"tintindex":0,"rotation":0,"texture":"#0"}}},{"from":[-0.9250002,-5.175,10.55],"to":[0.3499999,17.775,11.825001],"faces":{"east":{"uv":[2.5625,7.3125,2.46875,9.0],"tintindex":0,"rotation":0,"texture":"#0"},"south":{"uv":[2.46875,7.3125,2.375,9.0],"tintindex":0,"rotation":0,"texture":"#0"},"north":{"uv":[2.65625,7.3125,2.5625,9.0],"tintindex":0,"rotation":0,"texture":"#0"},"west":{"uv":[2.75,7.3125,2.65625,9.0],"tintindex":0,"rotation":0,"texture":"#0"},"up":{"uv":[1.84375,5.6875,1.75,5.78125],"tintindex":0,"rotation":0,"texture":"#0"},"down":{"uv":[1.9375,5.78125,1.84375,5.6875],"tintindex":0,"rotation":0,"texture":"#0"}}},{"from":[15.65,-5.175,-6.0249996],"to":[16.925,17.775,-4.75],"faces":{"east":{"uv":[3.3125,7.3125,3.21875,9.0],"tintindex":0,"rotation":0,"texture":"#0"},"south":{"uv":[3.21875,7.3125,3.125,9.0],"tintindex":0,"rotation":0,"texture":"#0"},"north":{"uv":[3.40625,7.3125,3.3125,9.0],"tintindex":0,"rotation":0,"texture":"#0"},"west":{"uv":[3.5,7.3125,3.40625,9.0],"tintindex":0,"rotation":0,"texture":"#0"},"up":{"uv":[1.15625,6.9375,1.0625,7.03125],"tintindex":0,"rotation":0,"texture":"#0"},"down":{"uv":[1.25,7.03125,1.15625,6.9375],"tintindex":0,"rotation":0,"texture":"#0"}}},{"from":[15.65,-5.175,10.55],"to":[16.925,17.775,11.825001],"faces":{"east":{"uv":[2.9375,7.3125,2.84375,9.0],"tintindex":0,"rotation":0,"texture":"#0"},"south":{"uv":[2.84375,7.3125,2.75,9.0],"tintindex":0,"rotation":0,"texture":"#0"},"north":{"uv":[3.03125,7.3125,2.9375,9.0],"tintindex":0,"rotation":0,"texture":"#0"},"west":{"uv":[3.125,7.3125,3.03125,9.0],"tintindex":0,"rotation":0,"texture":"#0"},"up":{"uv":[1.84375,5.78125,1.75,5.875],"tintindex":0,"rotation":0,"texture":"#0"},"down":{"uv":[1.9375,5.875,1.84375,5.78125],"tintindex":0,"rotation":0,"texture":"#0"}}}],"display":{"head":{"rotation":[0.0,0.0,0.0]},"firstperson_righthand":{"rotation":[0.0,0.0,0.0]},"thirdperson_lefthand":{"rotation":[0.0,-0.0,-0.0]},"firstperson_lefthand":{"rotation":[0.0,-0.0,-0.0]},"fixed":{"rotation":[0.0,0.0,0.0]},"ground":{"rotation":[0.0,0.0,0.0]},"thirdperson_righthand":{"rotation":[0.0,0.0,0.0]},"gui":{"rotation":[-150.0,-45.0,180.0]}}}